name,categories,title,breeds,id,url,width,height
catlist,null,cat1,null,d46,https://cdn2.thecatapi.com/images/d46.jpg,1024,1280
catlist,null,cat2,null,akf,https://cdn2.thecatapi.com/images/akf.jpg,3456,5184
catlist,null,cat3,null,dqn,https://cdn2.thecatapi.com/images/dqn.jpg,560,480
catlist,null,cat4,null,dev,https://cdn2.thecatapi.com/images/dev.jpg,960,720
catlist,null,cat5,null,2dl,https://cdn2.thecatapi.com/images/2dl.jpg,300,306
catlist,null,cat6,null,bsm,https://cdn2.thecatapi.com/images/bsm.jpg,601,900
catlist,null,cat7,null,MTcxMzc5Mg,https://cdn2.thecatapi.com/images/MTcxMzc5Mg.jpg,640,429
catlist,null,cat8,null,3f2,https://cdn2.thecatapi.com/images/3f2.jpg,500,333
catlist,null,cat9,null,73u,https://cdn2.thecatapi.com/images/73u.jpg,500,375
catlist,null,cat10,null,bts,https://cdn2.thecatapi.com/images/bts.jpg,640,480
